Workbook

Sheet Unique_Assumption_Library
A1: Input_Order | B1: Sub_Type_A | C1: Concrete_% | D1: Drywall_% | E1: Glass_% | F1: Metal_% | G1: Open_Area_% | H1: Light_Clutter_% | I1: Medium_Clutter_% | J1: Dense_Clutter_% | K1: Ceiling_Height_Class | L1: Environment_Type | M1: Layout_Complexity | N1: Mobility_Pattern | O1: Total Losses Material | P1: Total Loss Density | Q1: Total Loss | R1: Assumption_Profile | S1: Assumption_Basis
A2: 1 | B2: Open Work Area / Benching | C2: 10 | D2: 55 | E2: 25 | F2: 10 | G2: 55 | H2: 30 | I2: 12 | J2: 3 | K2: Medium_12_18ft | L2: Indoor_Conditioned | M2: Moderate | N2: Low_Mobility | O2: =ROUND(($C2*Loss_Constants!$B$2+$D2*Loss_Constants!$B$3+$E2*Loss_Constants!$B$4+$F2*Loss_Constants!$B$5)/100,1) -> 6 | P2: =ROUND(($G2*Loss_Constants!$E$2+$H2*Loss_Constants!$E$3+$I2*Loss_Constants!$E$4+$J2*Loss_Constants!$E$5)/100,1) -> 2.5 | Q2: =ROUND(O2+P2,1) -> 8.5 | R2: Office_Open | S2: open office/benching assumptions
A3: 2 | B3: Private / Focus Rooms | C3: 15 | D3: 65 | E3: 10 | F3: 10 | G3: 25 | H3: 45 | I3: 25 | J3: 5 | K3: Medium_12_18ft | L3: Indoor_Conditioned | M3: Moderate | N3: Low_Mobility | O3: =ROUND(($C3*Loss_Constants!$B$2+$D3*Loss_Constants!$B$3+$E3*Loss_Constants!$B$4+$F3*Loss_Constants!$B$5)/100,1) -> 6.5 | P3: =ROUND(($G3*Loss_Constants!$E$2+$H3*Loss_Constants!$E$3+$I3*Loss_Constants!$E$4+$J3*Loss_Constants!$E$5)/100,1) -> 3.6 | Q3: =ROUND(O3+P3,1) -> 10.1 | R3: Office_Private | S3: private offices/focus rooms
A4: 3 | B4: Meeting / Conference Rooms | C4: 15 | D4: 55 | E4: 20 | F4: 10 | G4: 40 | H4: 40 | I4: 15 | J4: 5 | K4: Medium_12_18ft | L4: Indoor_Conditioned | M4: Moderate | N4: Moderate_Mobility | O4: =ROUND(($C4*Loss_Constants!$B$2+$D4*Loss_Constants!$B$3+$E4*Loss_Constants!$B$4+$F4*Loss_Constants!$B$5)/100,1) -> 6.4 | P4: =ROUND(($G4*Loss_Constants!$E$2+$H4*Loss_Constants!$E$3+$I4*Loss_Constants!$E$4+$J4*Loss_Constants!$E$5)/100,1) -> 3 | Q4: =ROUND(O4+P4,1) -> 9.4 | R4: Meeting | S4: meeting/classroom/conference assumptions
A5: 4 | B5: Collaboration / Common Area | C5: 20 | D5: 40 | E5: 30 | F5: 10 | G5: 60 | H5: 25 | I5: 10 | J5: 5 | K5: Medium_12_18ft | L5: Indoor_Conditioned | M5: Simple | N5: High_Mobility | O5: =ROUND(($C5*Loss_Constants!$B$2+$D5*Loss_Constants!$B$3+$E5*Loss_Constants!$B$4+$F5*Loss_Constants!$B$5)/100,1) -> 6.7 | P5: =ROUND(($G5*Loss_Constants!$E$2+$H5*Loss_Constants!$E$3+$I5*Loss_Constants!$E$4+$J5*Loss_Constants!$E$5)/100,1) -> 2.5 | Q5: =ROUND(O5+P5,1) -> 9.2 | R5: Lobby_Public | S5: lobby/public/common area assumptions
A6: 5 | B6: Lobby / Reception | C6: 20 | D6: 40 | E6: 30 | F6: 10 | G6: 60 | H6: 25 | I6: 10 | J6: 5 | K6: Medium_12_18ft | L6: Indoor_Conditioned | M6: Simple | N6: High_Mobility | O6: =ROUND(($C6*Loss_Constants!$B$2+$D6*Loss_Constants!$B$3+$E6*Loss_Constants!$B$4+$F6*Loss_Constants!$B$5)/100,1) -> 6.7 | P6: =ROUND(($G6*Loss_Constants!$E$2+$H6*Loss_Constants!$E$3+$I6*Loss_Constants!$E$4+$J6*Loss_Constants!$E$5)/100,1) -> 2.5 | Q6: =ROUND(O6+P6,1) -> 9.2 | R6: Lobby_Public | S6: lobby/public/common area assumptions
A7: 6 | B7: Breakroom / Pantry | C7: 15 | D7: 45 | E7: 15 | F7: 25 | G7: 35 | H7: 35 | I7: 20 | J7: 10 | K7: Medium_12_18ft | L7: Indoor_Conditioned | M7: Moderate | N7: Moderate_Mobility | O7: =ROUND(($C7*Loss_Constants!$B$2+$D7*Loss_Constants!$B$3+$E7*Loss_Constants!$B$4+$F7*Loss_Constants!$B$5)/100,1) -> 8.6 | P7: =ROUND(($G7*Loss_Constants!$E$2+$H7*Loss_Constants!$E$3+$I7*Loss_Constants!$E$4+$J7*Loss_Constants!$E$5)/100,1) -> 3.6 | Q7: =ROUND(O7+P7,1) -> 12.2 | R7: Breakroom | S7: breakroom/pantry/light food service
A8: 7 | B8: Support / Storage / IT | C8: 25 | D8: 10 | E8: 0 | F8: 65 | G8: 10 | H8: 20 | I8: 30 | J8: 40 | K8: Low_8_12ft | L8: Indoor_Industrial | M8: Complex | N8: Static | O8: =ROUND(($C8*Loss_Constants!$B$2+$D8*Loss_Constants!$B$3+$E8*Loss_Constants!$B$4+$F8*Loss_Constants!$B$5)/100,1) -> 15.1 | P8: =ROUND(($G8*Loss_Constants!$E$2+$H8*Loss_Constants!$E$3+$I8*Loss_Constants!$E$4+$J8*Loss_Constants!$E$5)/100,1) -> 6.5 | Q8: =ROUND(O8+P8,1) -> 21.6 | R8: IT_MEP | S8: MEP/utility/electrical/mechanical assumptions
A9: 8 | B9: Circulation / Corridors | C9: 25 | D9: 55 | E9: 10 | F9: 10 | G9: 70 | H9: 25 | I9: 5 | J9: 0 | K9: Medium_12_18ft | L9: Indoor_Conditioned | M9: Simple | N9: High_Mobility | O9: =ROUND(($C9*Loss_Constants!$B$2+$D9*Loss_Constants!$B$3+$E9*Loss_Constants!$B$4+$F9*Loss_Constants!$B$5)/100,1) -> 7.3 | P9: =ROUND(($G9*Loss_Constants!$E$2+$H9*Loss_Constants!$E$3+$I9*Loss_Constants!$E$4+$J9*Loss_Constants!$E$5)/100,1) -> 1.8 | Q9: =ROUND(O9+P9,1) -> 9.1 | R9: Corridor | S9: corridor/circulation assumptions
A10: 9 | B10: Cubicle Work Area | C10: 15 | D10: 55 | E10: 15 | F10: 15 | G10: 20 | H10: 35 | I10: 35 | J10: 10 | K10: Medium_12_18ft | L10: Indoor_Conditioned | M10: Complex | N10: Low_Mobility | O10: =ROUND(($C10*Loss_Constants!$B$2+$D10*Loss_Constants!$B$3+$E10*Loss_Constants!$B$4+$F10*Loss_Constants!$B$5)/100,1) -> 7.2 | P10: =ROUND(($G10*Loss_Constants!$E$2+$H10*Loss_Constants!$E$3+$I10*Loss_Constants!$E$4+$J10*Loss_Constants!$E$5)/100,1) -> 4.4 | Q10: =ROUND(O10+P10,1) -> 11.6 | R10: Office_Dense | S10: dense workstation/call-center assumptions
A11: 10 | B11: Private Offices | C11: 15 | D11: 65 | E11: 10 | F11: 10 | G11: 25 | H11: 45 | I11: 25 | J11: 5 | K11: Medium_12_18ft | L11: Indoor_Conditioned | M11: Moderate | N11: Low_Mobility | O11: =ROUND(($C11*Loss_Constants!$B$2+$D11*Loss_Constants!$B$3+$E11*Loss_Constants!$B$4+$F11*Loss_Constants!$B$5)/100,1) -> 6.5 | P11: =ROUND(($G11*Loss_Constants!$E$2+$H11*Loss_Constants!$E$3+$I11*Loss_Constants!$E$4+$J11*Loss_Constants!$E$5)/100,1) -> 3.6 | Q11: =ROUND(O11+P11,1) -> 10.1 | R11: Office_Private | S11: private offices/focus rooms
A12: 11 | B12: Common / Collaboration Area | C12: 20 | D12: 40 | E12: 30 | F12: 10 | G12: 60 | H12: 25 | I12: 10 | J12: 5 | K12: Medium_12_18ft | L12: Indoor_Conditioned | M12: Simple | N12: High_Mobility | O12: =ROUND(($C12*Loss_Constants!$B$2+$D12*Loss_Constants!$B$3+$E12*Loss_Constants!$B$4+$F12*Loss_Constants!$B$5)/100,1) -> 6.7 | P12: =ROUND(($G12*Loss_Constants!$E$2+$H12*Loss_Constants!$E$3+$I12*Loss_Constants!$E$4+$J12*Loss_Constants!$E$5)/100,1) -> 2.5 | Q12: =ROUND(O12+P12,1) -> 9.2 | R12: Lobby_Public | S12: lobby/public/common area assumptions
A13: 12 | B13: Dense Workstation / Benching Area | C13: 15 | D13: 55 | E13: 15 | F13: 15 | G13: 20 | H13: 35 | I13: 35 | J13: 10 | K13: Medium_12_18ft | L13: Indoor_Conditioned | M13: Complex | N13: Low_Mobility | O13: =ROUND(($C13*Loss_Constants!$B$2+$D13*Loss_Constants!$B$3+$E13*Loss_Constants!$B$4+$F13*Loss_Constants!$B$5)/100,1) -> 7.2 | P13: =ROUND(($G13*Loss_Constants!$E$2+$H13*Loss_Constants!$E$3+$I13*Loss_Constants!$E$4+$J13*Loss_Constants!$E$5)/100,1) -> 4.4 | Q13: =ROUND(O13+P13,1) -> 11.6 | R13: Office_Dense | S13: dense workstation/call-center assumptions
... A349: 348 | B349: Gym / Recreation Area | C349: 25 | D349: 20 | E349: 10 | F349: 45 | G349: 65 | H349: 20 | I349: 10 | J349: 5 | K349: High_18_30ft | L349: Indoor_Public_Venue | M349: Complex | N349: Mixed_Mobility | O349: =ROUND(($C349*Loss_Constants!$B$2+$D349*Loss_Constants!$B$3+$E349*Loss_Constants!$B$4+$F349*Loss_Constants!$B$5)/100,1) -> 12.2 | P349: =ROUND(($G349*Loss_Constants!$E$2+$H349*Loss_Constants!$E$3+$I349*Loss_Constants!$E$4+$J349*Loss_Constants!$E$5)/100,1) -> 2.4 | Q349: =ROUND(O349+P349,1) -> 14.6 | R349: Gym_Auditorium | S349: gym/auditorium/multipurpose assumptions

Sheet Building_Type
A1: Row_ID | B1: Building_Type | C1: Category | D1: Sub_Type_A | E1: Sub_Type_Area_% | F1: Matched_Sub_Type | G1: Match_Confidence | H1: Match_Basis | I1: RF_Floorplan_Match_Notes
A2: 1 | B2: Office | C2: Open_Office | D2: Open Work Area / Benching | E2: 50 | F2: Open Office | G2: High | H2: Open/cubicle office match | I2: Open/cubicle workstation area matches Open Office floor plan.
A3: 2 | B3: Office | C3: Open_Office | D3: Private / Focus Rooms | E3: 8 | F3: Private Office / Professional Services | G3: High | H3: Private-office match | I3: Private offices, focus rooms, phone rooms, and boardrooms match private/professional office layouts.
A4: 3 | B4: Office | C4: Open_Office | D4: Meeting / Conference Rooms | E4: 12 | F4: Open Office | G4: Medium-High | H4: Office support/common area match | I4: Common, meeting, pantry, lobby, and circulation spaces in office context map to Open Office.
A5: 4 | B5: Office | C5: Open_Office | D5: Collaboration / Common Area | E5: 10 | F5: Open Office | G5: Medium-High | H5: Office support/common area match | I5: Common, meeting, pantry, lobby, and circulation spaces in office context map to Open Office.
A6: 5 | B6: Office | C6: Open_Office | D6: Lobby / Reception | E6: 5 | F6: Open Office | G6: Medium-High | H6: Office support/common area match | I6: Common, meeting, pantry, lobby, and circulation spaces in office context map to Open Office.
A7: 6 | B7: Office | C7: Open_Office | D7: Breakroom / Pantry | E7: 5 | F7: Open Office | G7: Medium-High | H7: Office support/common area match | I7: Common, meeting, pantry, lobby, and circulation spaces in office context map to Open Office.
A8: 7 | B8: Office | C8: Open_Office | D8: Support / Storage / IT | E8: 5 | F8: Generic Commercial | G8: Medium | H8: Office fallback | I8: Office area without a specific match maps to Generic Commercial.
A9: 8 | B9: Office | C9: Open_Office | D9: Circulation / Corridors | E9: 5 | F9: Open Office | G9: Medium-High | H9: Office support/common area match | I9: Common, meeting, pantry, lobby, and circulation spaces in office context map to Open Office.
A10: 9 | B10: Office | C10: Cubicle_Office | D10: Cubicle Work Area | E10: 55 | F10: Open Office | G10: High | H10: Open/cubicle office match | I10: Open/cubicle workstation area matches Open Office floor plan.
A11: 10 | B11: Office | C11: Cubicle_Office | D11: Private Offices | E11: 10 | F11: Private Office / Professional Services | G11: High | H11: Private-office match | I11: Private offices, focus rooms, phone rooms, and boardrooms match private/professional office layouts.
A12: 11 | B12: Office | C12: Cubicle_Office | D12: Meeting / Conference Rooms | E12: 10 | F12: Open Office | G12: Medium-High | H12: Office support/common area match | I12: Common, meeting, pantry, lobby, and circulation spaces in office context map to Open Office.
A13: 12 | B13: Office | C13: Cubicle_Office | D13: Common / Collaboration Area | E13: 8 | F13: Open Office | G13: Medium-High | H13: Office support/common area match | I13: Common, meeting, pantry, lobby, and circulation spaces in office context map to Open Office.
... A480: 479 | B480: Public_Venue | C480: Community_Center | D480: Support / Storage | E480: 7 | F480: Generic Entertainment | G480: Medium | H480: Venue support fallback | I480: Venue support/BOH/MEP areas map to Generic Entertainment as broad public-venue template.

Sheet Loss_Constants
A1: Material | B1: Representative Loss dB | C1: Column1 | D1: Density Class | E1: Representative Loss dB2
A2: Concrete | B2: 12 | D2: Open | E2: 1
A3: Drywall | B3: 4 | D3: Light | E3: 3
A4: Glass | B4: 3 | D4: Medium | E4: 6
A5: Metal | B5: 18 | D5: Dense | E5: 10

Sheet Method_Notes
A1: Method | B1: Description
A2: Total Losses Material | B2: Weighted average of material percentages using representative dB values: Concrete=12, Drywall=4, Glass=3, Metal=18.
A3: Total Loss Density | B3: Weighted average of clutter percentages using representative dB values: Open=1, Light=3, Medium=6, Dense=10.
A4: Total Loss | B4: Total Losses Material + Total Loss Density. This is a planning-level RF difficulty/loss assumption, not a final iBwave calibrated wall object.
A5: Percent totals | B5: Material percentages and clutter percentages are normalized to 100% for every row.
A6: Calibration | B6: Tune the dB constants and assumptions using measured walk-test / iBwave design outcomes for your portfolio.
